{"cameraMode":{"drawMode":0,"name":"Shaded","section":"Shading Mode"},"sceneLighting":false,"audioPlay":false,"sceneViewState":{"m_AlwaysRefresh":false,"showFog":true,"showSkybox":false,"showFlares":true,"showImageEffects":true,"showParticleSystems":true,"showVisualEffectGraphs":true,"m_FxEnabled":true},"in2DMode":false,"pivot":{"x":-9.38601303100586,"y":1.3974851369857789,"z":-0.22573637962341309},"rotation":{"x":-0.004373796284198761,"y":-0.411326140165329,"z":0.0020030566956847908,"w":-0.9115013480186462},"size":1.0966719388961793,"orthographic":false}