{"cameraMode":{"drawMode":0,"name":"Shaded","section":"Shading Mode"},"sceneLighting":true,"audioPlay":false,"sceneViewState":{"m_AlwaysRefresh":false,"showFog":true,"showSkybox":true,"showFlares":true,"showImageEffects":true,"showParticleSystems":true,"showVisualEffectGraphs":true,"m_FxEnabled":true},"in2DMode":false,"pivot":{"x":-10.074722290039063,"y":2.1707355976104738,"z":-0.5763888359069824},"rotation":{"x":-0.24663271009922028,"y":-0.028487171977758409,"z":0.007263054605573416,"w":-0.9686800837516785},"size":8.566804885864258,"orthographic":false}